{
    "perspective_matrix": [
        [
            0.9677083333333334,
            0.030966667897171445,
            0.0
        ],
        [
            -6.204402160187979e-17,
            1.0320000032583874,
            0.0
        ],
        [
            3.3269126819232952e-21,
            2.9629632646654946e-05,
            1.0
        ]
    ],
    "cropped_size": [
        1858,
        1080
    ],
    "left_percent": 1.8,
    "right_percent": 1.4
}