{
    "perspective_matrix": [
        [
            0.9776041666666666,
            0.01737963032023406,
            0.0
        ],
        [
            6.399506765594645e-17,
            1.0220000207424162,
            0.0
        ],
        [
            -2.287254485383974e-21,
            2.037038957631138e-05,
            1.0
        ]
    ],
    "cropped_size": [
        1877,
        1080
    ],
    "left_percent": 1.0,
    "right_percent": 1.2
}